<Extensions><Version>1.5</Version><Panel>
    <PanelId>panel_lights</PanelId>
    <Type>Statusbar</Type>
    <Icon>Lightbulb</Icon>
    <Order>2</Order>
    <Color>#FFB400</Color>
    <Name>Hue Lights</Name>
    <Page>
      <Name>Hue Lights</Name>
      <Row>
        <Name>Normal Light Presets</Name>
        <Widget>
          <WidgetId>hue_preset_dimmed</WidgetId>
          <Name>Dimmed</Name>
          <Type>Button</Type>
          <Options>size=2</Options>
        </Widget>
        <Widget>
          <WidgetId>hue_preset_meeting</WidgetId>
          <Name>Meeting</Name>
          <Type>Button</Type>
          <Options>size=2</Options>
        </Widget>
        <Widget>
          <WidgetId>hue_preset_wash</WidgetId>
          <Name>Wash</Name>
          <Type>Button</Type>
          <Options>size=2</Options>
        </Widget>
        <Widget>
          <WidgetId>hue_preset_off</WidgetId>
          <Name>Off</Name>
          <Type>Button</Type>
          <Options>size=2</Options>
        </Widget>
      </Row>
      <Row>
        <Name>Set Colors manually</Name>
        <Widget>
          <WidgetId>hue_color_red</WidgetId>
          <Type>Button</Type>
          <Options>size=1;icon=red</Options>
        </Widget>
        <Widget>
          <WidgetId>hue_color_green</WidgetId>
          <Type>Button</Type>
          <Options>size=1;icon=green</Options>
        </Widget>
        <Widget>
          <WidgetId>hue_color_blue</WidgetId>
          <Type>Button</Type>
          <Options>size=1;icon=blue</Options>
        </Widget>
        <Widget>
          <WidgetId>hue_color_yellow</WidgetId>
          <Type>Button</Type>
          <Options>size=1;icon=yellow</Options>
        </Widget>
      </Row>
      <Options/>
    </Page>
  </Panel>
  </Extensions>