<Extensions><Version>1.5</Version><Panel>
    <PanelId>layout_demo</PanelId>
    <Type>Statusbar</Type>
    <Icon>Laptop</Icon>
    <Order>1</Order>
    <Color>#07C1E4</Color>
    <Name>Layout demos</Name>
    <Page>
      <Name>Main Source</Name>
      <Row>
        <Name/>
        <Widget>
          <WidgetId>widget_7</WidgetId>
          <Name>This shows the main video stream compositing features of a Room Kit Pro</Name>
          <Type>Text</Type>
          <Options>size=4;fontSize=small;align=left</Options>
        </Widget>
      </Row>
      <Row>
        <Name>Main Source Control</Name>
        <Widget>
          <WidgetId>widget_5</WidgetId>
          <Name>PC 1</Name>
          <Type>Text</Type>
          <Options>size=1;fontSize=normal;align=right</Options>
        </Widget>
        <Widget>
          <WidgetId>main_source_1</WidgetId>
          <Type>ToggleButton</Type>
          <Options>size=1</Options>
        </Widget>
        <Widget>
          <WidgetId>widget_5</WidgetId>
          <Name>PC 2</Name>
          <Type>Text</Type>
          <Options>size=1;fontSize=normal;align=right</Options>
        </Widget>
        <Widget>
          <WidgetId>main_source_2</WidgetId>
          <Type>ToggleButton</Type>
          <Options>size=1</Options>
        </Widget>
        <Widget>
          <WidgetId>widget_5</WidgetId>
          <Name>PC 3</Name>
          <Type>Text</Type>
          <Options>size=1;fontSize=normal;align=right</Options>
        </Widget>
        <Widget>
          <WidgetId>main_source_3</WidgetId>
          <Type>ToggleButton</Type>
          <Options>size=1</Options>
        </Widget>
        <Widget>
          <WidgetId>widget_5</WidgetId>
          <Name>PC 4</Name>
          <Type>Text</Type>
          <Options>size=1;fontSize=normal;align=right</Options>
        </Widget>
        <Widget>
          <WidgetId>main_source_4</WidgetId>
          <Type>ToggleButton</Type>
          <Options>size=1</Options>
        </Widget>
        <Widget>
          <WidgetId>widget_5</WidgetId>
          <Name>PC 5</Name>
          <Type>Text</Type>
          <Options>size=1;fontSize=normal;align=right</Options>
        </Widget>
        <Widget>
          <WidgetId>main_source_5</WidgetId>
          <Type>ToggleButton</Type>
          <Options>size=1</Options>
        </Widget>
        <Widget>
          <WidgetId>widget_5</WidgetId>
          <Name>PC 6</Name>
          <Type>Text</Type>
          <Options>size=1;fontSize=normal;align=right</Options>
        </Widget>
        <Widget>
          <WidgetId>main_source_6</WidgetId>
          <Type>ToggleButton</Type>
          <Options>size=1</Options>
        </Widget>
      </Row>
      <Row>
        <Name>Layout</Name>
        <Widget>
          <WidgetId>main_source_layout</WidgetId>
          <Type>GroupButton</Type>
          <Options>size=4;columns=4</Options>
          <ValueSpace>
            <Value>
              <Key>equal</Key>
              <Name>Equal</Name>
            </Value>
            <Value>
              <Key>onelarge</Key>
              <Name>1 large</Name>
            </Value>
            <Value>
              <Key>pip</Key>
              <Name>PIP</Name>
            </Value>
          </ValueSpace>
        </Widget>
      </Row>
      <Row>
        <Name>PIP Size</Name>
        <Widget>
          <WidgetId>main_source_PIP_size</WidgetId>
          <Type>GroupButton</Type>
          <Options>size=4;columns=3</Options>
          <ValueSpace>
            <Value>
              <Key>auto</Key>
              <Name>Auto</Name>
            </Value>
            <Value>
              <Key>large</Key>
              <Name>Large</Name>
            </Value>
          </ValueSpace>
        </Widget>
      </Row>
      <Row>
        <Name>PIP Location</Name>
        <Widget>
          <WidgetId>main_source_PIP_position</WidgetId>
          <Type>GroupButton</Type>
          <Options>size=4;columns=2</Options>
          <ValueSpace>
            <Value>
              <Key>UpperLeft</Key>
              <Name>Upper Left</Name>
            </Value>
            <Value>
              <Key>UpperRight</Key>
              <Name>Upper Right</Name>
            </Value>
            <Value>
              <Key>LowerLeft</Key>
              <Name>Lower Left</Name>
            </Value>
            <Value>
              <Key>LowerRight</Key>
              <Name>Lower Right</Name>
            </Value>
          </ValueSpace>
        </Widget>
      </Row>
      <PageId>mainsource</PageId>
      <Options/>
    </Page>
    <Page>
      <Name>Presentation</Name>
      <Row>
        <Name/>
        <Widget>
          <WidgetId>widget_7</WidgetId>
          <Name>This shows the presentation stream compositing features of a Room Kit Pro</Name>
          <Type>Text</Type>
          <Options>size=4;fontSize=small;align=left</Options>
        </Widget>
      </Row>
      <Row>
        <Name>Presentation Control</Name>
        <Widget>
          <WidgetId>presentation_source_layout</WidgetId>
          <Type>GroupButton</Type>
          <Options>size=4;columns=4</Options>
          <ValueSpace>
            <Value>
              <Key>equal</Key>
              <Name>Equal</Name>
            </Value>
            <Value>
              <Key>onelarge</Key>
              <Name>1 large</Name>
            </Value>
          </ValueSpace>
        </Widget>
        <Widget>
          <WidgetId>widget_6</WidgetId>
          <Type>Spacer</Type>
          <Options>size=4</Options>
        </Widget>
        <Widget>
          <WidgetId>widget_5</WidgetId>
          <Name>PC 1</Name>
          <Type>Text</Type>
          <Options>size=1;fontSize=normal;align=right</Options>
        </Widget>
        <Widget>
          <WidgetId>presentation_source_1</WidgetId>
          <Type>ToggleButton</Type>
          <Options>size=1</Options>
        </Widget>
        <Widget>
          <WidgetId>widget_5</WidgetId>
          <Name>PC 2</Name>
          <Type>Text</Type>
          <Options>size=1;fontSize=normal;align=right</Options>
        </Widget>
        <Widget>
          <WidgetId>presentation_source_2</WidgetId>
          <Type>ToggleButton</Type>
          <Options>size=1</Options>
        </Widget>
        <Widget>
          <WidgetId>widget_5</WidgetId>
          <Name>PC 3</Name>
          <Type>Text</Type>
          <Options>size=1;fontSize=normal;align=right</Options>
        </Widget>
        <Widget>
          <WidgetId>presentation_source_3</WidgetId>
          <Type>ToggleButton</Type>
          <Options>size=1</Options>
        </Widget>
        <Widget>
          <WidgetId>widget_5</WidgetId>
          <Name>PC 4</Name>
          <Type>Text</Type>
          <Options>size=1;fontSize=normal;align=right</Options>
        </Widget>
        <Widget>
          <WidgetId>presentation_source_4</WidgetId>
          <Type>ToggleButton</Type>
          <Options>size=1</Options>
        </Widget>
        <Widget>
          <WidgetId>widget_5</WidgetId>
          <Name>PC 5</Name>
          <Type>Text</Type>
          <Options>size=1;fontSize=normal;align=right</Options>
        </Widget>
        <Widget>
          <WidgetId>presentation_source_5</WidgetId>
          <Type>ToggleButton</Type>
          <Options>size=1</Options>
        </Widget>
        <Widget>
          <WidgetId>widget_5</WidgetId>
          <Name>PC 6</Name>
          <Type>Text</Type>
          <Options>size=1;fontSize=normal;align=right</Options>
        </Widget>
        <Widget>
          <WidgetId>presentation_source_6</WidgetId>
          <Type>ToggleButton</Type>
          <Options>size=1</Options>
        </Widget>
      </Row>
      <PageId>presentationsource</PageId>
      <Options/>
    </Page>
    <Page>
      <Name>Local Layouts</Name>
      <Row>
        <Name/>
        <Widget>
          <WidgetId>widget_7</WidgetId>
          <Name>This shows the local video matrix compositing features of a Room Kit Pro. In CE9.6 you can also do local compositing with remote sites video stream</Name>
          <Type>Text</Type>
          <Options>size=4;fontSize=small;align=left</Options>
        </Widget>
      </Row>
      <Row>
        <Name>Presets</Name>
        <Widget>
          <WidgetId>local_source_preset</WidgetId>
          <Type>GroupButton</Type>
          <Options>size=4</Options>
          <ValueSpace>
            <Value>
              <Key>alloff</Key>
              <Name>All Off</Name>
            </Value>
            <Value>
              <Key>twoplustwo</Key>
              <Name>2 + 2</Name>
            </Value>
            <Value>
              <Key>threeplusthree</Key>
              <Name>3 + 3</Name>
            </Value>
          </ValueSpace>
        </Widget>
        <Widget>
          <WidgetId>local_source_layout</WidgetId>
          <Type>GroupButton</Type>
          <Options>size=4</Options>
          <ValueSpace>
            <Value>
              <Key>equal</Key>
              <Name>Equal</Name>
            </Value>
            <Value>
              <Key>prominent</Key>
              <Name>1 Large</Name>
            </Value>
          </ValueSpace>
        </Widget>
      </Row>
      <Row>
        <Name>Left Screen</Name>
        <Widget>
          <WidgetId>widget_5</WidgetId>
          <Name>PC 1</Name>
          <Type>Text</Type>
          <Options>size=1;fontSize=normal;align=right</Options>
        </Widget>
        <Widget>
          <WidgetId>local_left_source_1</WidgetId>
          <Type>ToggleButton</Type>
          <Options>size=1</Options>
        </Widget>
        <Widget>
          <WidgetId>widget_5</WidgetId>
          <Name>PC 2</Name>
          <Type>Text</Type>
          <Options>size=1;fontSize=normal;align=right</Options>
        </Widget>
        <Widget>
          <WidgetId>local_left_source_2</WidgetId>
          <Type>ToggleButton</Type>
          <Options>size=1</Options>
        </Widget>
        <Widget>
          <WidgetId>widget_5</WidgetId>
          <Name>PC 3</Name>
          <Type>Text</Type>
          <Options>size=1;fontSize=normal;align=right</Options>
        </Widget>
        <Widget>
          <WidgetId>local_left_source_3</WidgetId>
          <Type>ToggleButton</Type>
          <Options>size=1</Options>
        </Widget>
        <Widget>
          <WidgetId>widget_5</WidgetId>
          <Name>PC 4</Name>
          <Type>Text</Type>
          <Options>size=1;fontSize=normal;align=right</Options>
        </Widget>
        <Widget>
          <WidgetId>local_left_source_4</WidgetId>
          <Type>ToggleButton</Type>
          <Options>size=1</Options>
        </Widget>
        <Widget>
          <WidgetId>widget_5</WidgetId>
          <Name>PC 5</Name>
          <Type>Text</Type>
          <Options>size=1;fontSize=normal;align=right</Options>
        </Widget>
        <Widget>
          <WidgetId>local_left_source_5</WidgetId>
          <Type>ToggleButton</Type>
          <Options>size=1</Options>
        </Widget>
        <Widget>
          <WidgetId>widget_5</WidgetId>
          <Name>PC 6</Name>
          <Type>Text</Type>
          <Options>size=1;fontSize=normal;align=right</Options>
        </Widget>
        <Widget>
          <WidgetId>local_left_source_6</WidgetId>
          <Type>ToggleButton</Type>
          <Options>size=1</Options>
        </Widget>
      </Row>
      <Row>
        <Name>Center Screen</Name>
        <Widget>
          <WidgetId>widget_5</WidgetId>
          <Name>PC 1</Name>
          <Type>Text</Type>
          <Options>size=1;fontSize=normal;align=right</Options>
        </Widget>
        <Widget>
          <WidgetId>local_center_source_1</WidgetId>
          <Type>ToggleButton</Type>
          <Options>size=1</Options>
        </Widget>
        <Widget>
          <WidgetId>widget_5</WidgetId>
          <Name>PC 2</Name>
          <Type>Text</Type>
          <Options>size=1;fontSize=normal;align=right</Options>
        </Widget>
        <Widget>
          <WidgetId>local_center_source_2</WidgetId>
          <Type>ToggleButton</Type>
          <Options>size=1</Options>
        </Widget>
        <Widget>
          <WidgetId>widget_5</WidgetId>
          <Name>PC 3</Name>
          <Type>Text</Type>
          <Options>size=1;fontSize=normal;align=right</Options>
        </Widget>
        <Widget>
          <WidgetId>local_center_source_3</WidgetId>
          <Type>ToggleButton</Type>
          <Options>size=1</Options>
        </Widget>
        <Widget>
          <WidgetId>widget_5</WidgetId>
          <Name>PC 4</Name>
          <Type>Text</Type>
          <Options>size=1;fontSize=normal;align=right</Options>
        </Widget>
        <Widget>
          <WidgetId>local_center_source_4</WidgetId>
          <Type>ToggleButton</Type>
          <Options>size=1</Options>
        </Widget>
        <Widget>
          <WidgetId>widget_5</WidgetId>
          <Name>PC 5</Name>
          <Type>Text</Type>
          <Options>size=1;fontSize=normal;align=right</Options>
        </Widget>
        <Widget>
          <WidgetId>local_center_source_5</WidgetId>
          <Type>ToggleButton</Type>
          <Options>size=1</Options>
        </Widget>
        <Widget>
          <WidgetId>widget_5</WidgetId>
          <Name>PC 6</Name>
          <Type>Text</Type>
          <Options>size=1;fontSize=normal;align=right</Options>
        </Widget>
        <Widget>
          <WidgetId>local_center_source_6</WidgetId>
          <Type>ToggleButton</Type>
          <Options>size=1</Options>
        </Widget>
      </Row>
      <Row>
        <Name>Right Screen</Name>
        <Widget>
          <WidgetId>widget_5</WidgetId>
          <Name>PC 1</Name>
          <Type>Text</Type>
          <Options>size=1;fontSize=normal;align=right</Options>
        </Widget>
        <Widget>
          <WidgetId>local_right_source_1</WidgetId>
          <Type>ToggleButton</Type>
          <Options>size=1</Options>
        </Widget>
        <Widget>
          <WidgetId>widget_5</WidgetId>
          <Name>PC 2</Name>
          <Type>Text</Type>
          <Options>size=1;fontSize=normal;align=right</Options>
        </Widget>
        <Widget>
          <WidgetId>local_right_source_2</WidgetId>
          <Type>ToggleButton</Type>
          <Options>size=1</Options>
        </Widget>
        <Widget>
          <WidgetId>widget_5</WidgetId>
          <Name>PC 3</Name>
          <Type>Text</Type>
          <Options>size=1;fontSize=normal;align=right</Options>
        </Widget>
        <Widget>
          <WidgetId>local_right_source_3</WidgetId>
          <Type>ToggleButton</Type>
          <Options>size=1</Options>
        </Widget>
        <Widget>
          <WidgetId>widget_5</WidgetId>
          <Name>PC 4</Name>
          <Type>Text</Type>
          <Options>size=1;fontSize=normal;align=right</Options>
        </Widget>
        <Widget>
          <WidgetId>local_right_source_4</WidgetId>
          <Type>ToggleButton</Type>
          <Options>size=1</Options>
        </Widget>
        <Widget>
          <WidgetId>widget_5</WidgetId>
          <Name>PC 5</Name>
          <Type>Text</Type>
          <Options>size=1;fontSize=normal;align=right</Options>
        </Widget>
        <Widget>
          <WidgetId>local_right_source_5</WidgetId>
          <Type>ToggleButton</Type>
          <Options>size=1</Options>
        </Widget>
        <Widget>
          <WidgetId>widget_5</WidgetId>
          <Name>PC 6</Name>
          <Type>Text</Type>
          <Options>size=1;fontSize=normal;align=right</Options>
        </Widget>
        <Widget>
          <WidgetId>local_right_source_6</WidgetId>
          <Type>ToggleButton</Type>
          <Options>size=1</Options>
        </Widget>
      </Row>
      <PageId>locallayouts</PageId>
      <Options/>
    </Page>
  </Panel>
  </Extensions>